SeqName,DeepEC Binary,DeepEC Enz Prob,DeepEC 3digit,DeepEC 3digit Prob,SAdLSA PDB ID,TM Score,HHblits PDB ID,HHblits Prob
WP_011793178.1,Enzyme,0.9997447,EC number not predicted,N/A,1W6F_A,0.5142,3ISR_B,80.16
WP_010937346.1,Enzyme,0.90424615,EC number not predicted,N/A,1ZHC_A,0.5454,6T15_i,50.12
WP_010937347.1,Non-enzyme,0.998313009738922,EC number not predicted,N/A,3LAY_J,0.7469,3LAY_H,99.78
WP_010937351.1,Enzyme,0.9998839,EC number not predicted,N/A,4XQ7_A,0.7334,2RFF_A,91.32
WP_010937375.1,Non-enzyme,0.999331414699554,EC:3.2.1,0.6557429,3PGS_A,0.585,3PGU_A,98.72
WP_010937376.1,Enzyme,0.9438852,EC number not predicted,N/A,4RL8_D,0.6446,3PGU_A,98.84
WP_010937378.1,Non-enzyme,0.999999863517018,EC number not predicted,N/A,5T3T_H,0.4674,1C75_A,83.32
WP_010937444.1,Enzyme,0.98969364,EC:1.9.3,0.7918871,1DD5_A,0.4578,1QYS_A,85.21
WP_010937447.1,Enzyme,0.53278345,EC number not predicted,N/A,5GHA_F,0.8632,4HRS_A,99.51
WP_010937457.1,Enzyme,0.99925923,EC number not predicted,N/A,5AXG_B,0.5694,3W1E_A,93
WP_010937461.1,Enzyme,0.99971604,EC number not predicted,N/A,2LD3_A,0.5785,4LA9_A,33.44
WP_010937464.1,Non-enzyme,0.953276842832565,EC:3.5.1,0.9999224,5MNW_A,0.624,3EUJ_B,20.14
WP_164561858.1,Non-enzyme,0.992871075868607,EC:3.2.1,0.7125064,6JC0_A,0.3609,5XTC_g,10.62
WP_010937503.1,Non-enzyme,0.861297339200974,EC number not predicted,N/A,3L9F_A,0.4916,6HN7_B,97.14
WP_164928112.1,Non-enzyme,0.999349325895309,EC:3.1.26,0.99724126,6X7K_AB,0.6256,4MCT_D,31.52
WP_164928140.1,Non-enzyme,0.999467492103577,EC number not predicted,N/A,3AEI_B,0.637,2L6R_A,97.37
WP_010937511.1,Non-enzyme,0.999948044984194,EC:5.2.1,1,2E9X_F,0.4858,5GHR_B,90.76
WP_164928113.1,Enzyme,0.96186435,EC number not predicted,N/A,6V40_A,0.8499,6V40_A,100
WP_010937516.1,Non-enzyme,0.816595822572708,EC number not predicted,N/A,2R55_A,0.5952,2FGG_A,19.17
WP_010937517.1,Non-enzyme,0.878626704216003,EC number not predicted,N/A,2KX4_A,0.8677,1K0H_A,99.65
WP_010937518.1,Non-enzyme,0.999865978956222,EC:2.4.2,0.9913894,3FZ2_E,0.6601,3FZ2_J,99.73
WP_164928114.1,Non-enzyme,0.990476101636887,EC number not predicted,N/A,3FHN_C,0.3879,6V8I_AF,98.19
WP_010937532.1,Non-enzyme,0.981150150299072,EC number not predicted,N/A,1TUA_A,0.5679,6AZ6_A,58.29
WP_010937534.1,Non-enzyme,0.97834649682045,EC number not predicted,N/A,6G26_B,0.9328,4P7D_B,99.91
WP_164928115.1,Non-enzyme,0.999982686409567,EC number not predicted,N/A,2D9K_A,0.8075,1M36_A,76.69
WP_164928116.1,Enzyme,0.99903,EC number not predicted,N/A,4GW9_B,0.4939,3GMX_B,96.05
WP_164928119.1,Non-enzyme,0.676106125116348,EC number not predicted,N/A,1FS1_A,0.4621,4EYY_R,64.11
WP_164928120.1,Non-enzyme,0.99971616268158,EC number not predicted,N/A,6PGV_A,0.5438,6V0M_B,43.27
WP_164928121.1,Non-enzyme,0.997312039136887,EC number not predicted,N/A,6ABT_A,0.613,1SVD_M,60.46
WP_010937544.1,Non-enzyme,0.999801099300384,EC number not predicted,N/A,1F2H_A,0.5802,2CO3_B,42.63
WP_010937545.1,Non-enzyme,0.645015060901642,EC number not predicted,N/A,4GHU_A,0.4176,1SPW_A,83.35
WP_010937548.1,Non-enzyme,0.998569488525391,EC number not predicted,N/A,2MJ7_A,0.5583,3JTZ_A,37.86
WP_010937551.1,Non-enzyme,0.879982620477676,EC number not predicted,N/A,1O13_A,0.7789,2QTD_A,99.83
WP_014524200.1,Enzyme,0.99604964,EC:4.2.1,0.5520668,4RFA_A,0.3253,1UOY_A,20.35
WP_010937554.1,Non-enzyme,0.984497249126434,EC:3.6.1,0.85990715,3UB6_B,0.5465,2F93_B,97.33
WP_010937559.1,Non-enzyme,0.930910855531692,EC:2.3.1,0.9626619,6W6L_6,0.7,5C8J_L,99.65
WP_010937564.1,Non-enzyme,0.999933458224405,EC:5.2.1,0.98763645,3E1I_C,0.4637,6T1W_D,59.57
WP_010937571.1,Enzyme,0.99513185,EC number not predicted,N/A,6D2Q_A,0.5008,6VMI_m,13.04
WP_010937574.1,Enzyme,0.9995687,EC:2.3.1,0.7847816,3EGW_C,0.7654,3EGW_C,99.88
WP_010937575.1,Enzyme,0.9993317,EC:3.5.5,0.8212007,3SFZ_A,0.7018,5I2T_A,100
WP_010937583.1,Enzyme,0.9996752,EC number not predicted,N/A,2OKF_A,0.7133,3DNX_A,96.57
WP_014524207.1,Non-enzyme,0.98712021112442,EC:1.8.98,0.7982012,5CZF_D,0.5858,4AYB_P,74.58
WP_010937610.1,Enzyme,0.85507715,EC number not predicted,N/A,6EVM_A,0.8081,2PZI_B,99.01
WP_010937613.1,Non-enzyme,0.999463945627212,EC:2.4.2,0.58117366,5L4K_P,0.6996,4EQF_A,99.72
WP_010937627.1,Non-enzyme,0.999995914883129,EC:2.7.4,0.5269996,5J0J_A,0.54,1ZVB_C,42.91
WP_010937644.1,Enzyme,0.99584866,EC number not predicted,N/A,3L7M_D,0.537,4HWG_A,99.18
WP_014524219.1,Enzyme,0.999005,EC number not predicted,N/A,3Q3E_A,0.5782,6MGC_A,99.01
WP_014524220.1,Non-enzyme,0.999874889850616,EC:5.1.99,0.84994274,6BK9_A,0.426,5WEC_B,99.77
WP_010937679.1,Enzyme,0.85132086,EC number not predicted,N/A,1FOE_E,0.5039,3AJF_A,36.24
WP_010937683.1,Non-enzyme,0.990861862897873,EC:2.7.7,0.9988963,2AV4_A,0.824,3KTB_A,99.39
WP_010937690.1,Non-enzyme,0.999205827713013,EC:1.11.1,0.94201016,6F0K_E,0.5749,5N1T_B,98.76
WP_014524228.1,Enzyme,0.9999436,EC number not predicted,N/A,3C0U_B,0.6588,3C0U_A,100
WP_010937706.1,Enzyme,0.9653083,EC number not predicted,N/A,6O60_A,0.5219,3BEE_B,84.42
WP_010937707.1,Enzyme,0.9944792,EC:2.7.7,0.5998033,5HR4_J,0.689,3H1T_A,99.29
WP_011792913.1,Non-enzyme,0.998525708913803,EC number not predicted,N/A,1V5M_A,0.5691,2KZK_A,59.98
WP_010937716.1,Non-enzyme,0.999647706747055,EC:5.4.99,0.5334102,6CH2_E,0.8606,5KP0_A,99.76
WP_010937717.1,Non-enzyme,0.963645726442337,EC:2.4.2,0.8486623,3JZ0_A,0.5834,3CWI_A,93.02
WP_010937727.1,Non-enzyme,0.999998266692501,EC number not predicted,N/A,1V4A_A,0.6937,1OFU_Y,43.33
WP_010937746.1,Enzyme,0.8355933,EC number not predicted,N/A,1MWQ_B,0.809,1MWQ_A,99.67
WP_014524242.1,Enzyme,0.99958766,EC number not predicted,N/A,6H9M_B,0.7492,5VID_G,75.92
WP_010937762.1,Enzyme,0.9957539,EC number not predicted,N/A,3CQJ_B,0.8837,3WQO_B,99.95
WP_010937793.1,Enzyme,0.9925729,EC number not predicted,N/A,4CHT_A,0.5525,3WWN_B,86.23
WP_150103613.1,Non-enzyme,0.923143595457077,EC:1.15.1,0.5625161,3LJX_A,0.6543,2M3A_A,38.84
WP_010937802.1,Enzyme,0.9881586,EC number not predicted,N/A,6VDE_B,0.8233,1BGX_T,100
WP_010937803.1,Non-enzyme,0.965786695480347,EC number not predicted,N/A,6GWJ_B,0.4145,6KMW_bC,43.51
WP_164561746.1,Enzyme,0.98683614,EC number not predicted,N/A,5JMB_A,0.4935,5LBJ_A,8.9
WP_010937807.1,Enzyme,0.947278,EC number not predicted,N/A,6Y6E_A,0.5027,2A8V_B,18.53
WP_014524246.1,Non-enzyme,0.994599938392639,EC number not predicted,N/A,2LAG_A,0.5373,5X6O_G,67.8
WP_010937830.1,Enzyme,0.999367,EC:2.7.7,0.99740577,4Y5F_A,0.5757,2HC5_A,90.67
WP_010937838.1,Non-enzyme,0.998448461294174,EC number not predicted,N/A,3IR7_C,0.7209,1Q16_C,99.77
WP_010937839.1,Non-enzyme,0.784742951393127,EC number not predicted,N/A,1HLO_A,0.447,2RDD_B,79.97
WP_010937889.1,Non-enzyme,0.999965421808156,EC number not predicted,N/A,2AXY_A,0.388,5FUJ_B,6.61
WP_011792814.1,Non-enzyme,0.994116812944412,EC number not predicted,N/A,1XPP_C,0.7192,1YJT_A,98.24
WP_010937898.1,Enzyme,0.99987566,EC number not predicted,N/A,1L1S_A,0.9179,1L1S_A,99.88
WP_010937906.1,Enzyme,0.5854602,EC number not predicted,N/A,6G81_A,0.5424,4V4N_Ag,98.34
WP_010937917.1,Non-enzyme,0.621739625930786,EC:3.6.1,1,6RUP_B,0.7631,4HSP_A,91.28
WP_010937919.1,Non-enzyme,0.999353498220444,EC number not predicted,N/A,3FLO_C,0.6046,1NNX_A,95.56
WP_010937920.1,Non-enzyme,0.964991956949234,EC:2.3.1,0.8302641,1Z9F_A,0.7556,4HSP_A,90.54
WP_010937937.1,Enzyme,0.9951223,EC:2.8.1,0.9939395,2MOU_A,0.4573,4ID8_A,19.01
WP_010937941.1,Non-enzyme,0.977917283773422,EC number not predicted,N/A,4W8P_A,0.4597,5O6V_D,27.16
WP_010937954.1,Enzyme,0.9871272,EC:1.6.5,0.9862139,4R1I_A,0.6343,5L26_C,94.74
WP_010937959.1,Non-enzyme,0.999953464764985,EC:2.7.7,0.84530675,2JS4_A,0.7116,2JNY_A,99.41
WP_010937972.1,Enzyme,0.99940497,EC:1.1.1,0.74270356,5N2J_B,0.814,5GVW_D,99.8
WP_010937991.1,Non-enzyme,0.980332583189011,EC:1.6.5,0.9999534,5ANP_B,0.7943,5ANP_A,99.84
WP_010938012.1,Enzyme,0.9993661,EC number not predicted,N/A,6P0C_A,0.8132,6IMJ_A,95.79
WP_010938030.1,Enzyme,0.99534476,EC:2.1.1,0.9998901,3W0F_A,0.4496,3JBN_1,8.65
WP_010938032.1,Enzyme,0.9973559,EC number not predicted,N/A,6C26_B,0.5124,1T0B_E,98.53
WP_010938042.1,Non-enzyme,0.941101253032684,EC:3.6.4,0.89577734,4N4R_D,0.6337,2KO2_A,65.34
WP_011792721.1,Enzyme,0.739029,EC:4.1.2,0.7195759,4G9I_F,0.7383,2LXF_A,84.41
WP_010938073.1,Non-enzyme,0.960834473371506,EC number not predicted,N/A,3W57_A,0.5784,6A7V_U,64.39
WP_010938074.1,Enzyme,0.84796643,EC number not predicted,N/A,4EAJ_A,0.5719,5XM8_C,46.58
WP_010938088.1,Non-enzyme,0.747174441814423,EC:1.6.5,0.99891883,4RFS_S,0.685,6FNP_A,42.02
WP_010938093.1,Non-enzyme,0.999635607004166,EC number not predicted,N/A,2DIQ_A,0.624,1NME_A,13.16
WP_010938106.1,Non-enzyme,0.999991666378264,EC:3.1.26,0.62758005,5WOQ_C,0.6804,2K9Q_A,97.01
WP_010938118.1,Non-enzyme,0.551398694515228,EC number not predicted,N/A,6ZY2_A,0.8421,6XBD_E,99.61
WP_010938119.1,Non-enzyme,0.990120381116867,EC number not predicted,N/A,3LKD_B,0.5121,3GJY_A,99.46
WP_010938122.1,Enzyme,0.992303,EC number not predicted,N/A,2MII_A,0.6431,2MII_A,99.19
WP_014524278.1,Non-enzyme,0.987454950809479,EC number not predicted,N/A,4F54_A,0.4344,3ZBI_L,93.33
WP_010938143.1,Non-enzyme,0.998795032501221,EC number not predicted,N/A,6NR8_2,0.821,4G1A_C,89.59
WP_010938151.1,Non-enzyme,0.999079585075378,EC number not predicted,N/A,7BL1_EEE,0.4362,6GAP_A,92.47
WP_011792671.1,Non-enzyme,0.985620945692062,EC:3.5.4,0.99610204,4BTF_A,0.7484,6U42_5S,53.98
WP_014524282.1,Non-enzyme,0.999767631292343,EC:3.4.23,0.99984217,2PFD_D,0.3665,3WWN_B,97.11
WP_010940669.1,Non-enzyme,0.938564658164978,EC number not predicted,N/A,6FXM_A,0.4753,5HEA_B,98.98
WP_011792655.1,Non-enzyme,0.830875098705292,EC number not predicted,N/A,2YT9_A,0.6312,1VD4_A,92.81
WP_010938181.1,Non-enzyme,0.984958499670029,EC number not predicted,N/A,6OEI_A,0.6095,6ITH_A,39.29
WP_014524284.1,Non-enzyme,0.931350767612457,EC number not predicted,N/A,4OGR_D,0.3188,3HR4_A,7.9
WP_010938206.1,Enzyme,0.9908414,EC:2.1.1,1,6SG9_F1,0.311,6DUB_A,98.79
WP_011792639.1,Non-enzyme,0.999534338712692,EC number not predicted,N/A,3KXA_D,0.5621,5ZFR_C,93.73
WP_150103627.1,Non-enzyme,0.999999052447777,EC number not predicted,N/A,5ZWN_X,0.384,2YVY_A,93.93
WP_164561638.1,Non-enzyme,0.997982084751129,EC:1.6.5,0.67707175,5HUZ_B,0.5095,6ITH_A,84.64
WP_014524293.1,Non-enzyme,0.999908997589955,EC:1.8.98,0.8261174,1T3J_A,0.4542,3WWN_B,74.44
WP_010938236.1,Enzyme,0.9630699,EC:3.1.26,0.9367163,1X1F_A,0.5054,1IW4_A,19.78
WP_010938238.1,Enzyme,0.9996213,EC number not predicted,N/A,5XA5_A,0.4372,6YSF_F,97.7
WP_010938240.1,Enzyme,0.9996777,EC:3.4.24,0.7421727,3S5M_A,0.9571,3S5M_A,100
WP_010938243.1,Non-enzyme,0.985794007778168,EC number not predicted,N/A,5WDA_N,0.6984,6XQN_H,56.31
WP_011792616.1,Non-enzyme,0.949137389659882,EC number not predicted,N/A,5XSY_B,0.6082,6NFR_A,98.09
WP_010938264.1,Non-enzyme,0.988196402788162,EC:2.7.7,0.9945015,4BTS_D6,0.7517,6AZ1_c,99.63
WP_014524297.1,Enzyme,0.88496846,EC:1.11.1,0.5232411,4IYK_A,0.5586,5D0O_E,88.89
WP_010938273.1,Enzyme,0.57409006,EC number not predicted,N/A,2A84_A,0.5353,2K29_B,42.13
WP_164928124.1,Non-enzyme,0.999691247940064,EC:1.8.4,0.99999726,4ILO_A,0.5567,6NY2_Y,97.43
WP_011792600.1,Non-enzyme,0.980222433805466,EC number not predicted,N/A,5VNY_A,0.508,6A69_B,60.13
WP_010938292.1,Non-enzyme,0.99456262588501,EC number not predicted,N/A,4ETP_B,0.4989,3ZBI_L,74.8
WP_014524301.1,Enzyme,0.99921066,EC number not predicted,N/A,3OHG_A,0.714,3OHG_A,99.94
WP_010938304.1,Non-enzyme,0.882208615541458,EC number not predicted,N/A,6YXQ_B,0.4414,3PE5_A,31.13
WP_011792587.1,Enzyme,0.99832773,EC number not predicted,N/A,2QGU_A,0.5503,5UWB_B,95.28
WP_010938308.1,Non-enzyme,0.825811952352524,EC number not predicted,N/A,4AVB_B,0.5884,2R1I_A,98.64
WP_010938318.1,Enzyme,0.9864495,EC:2.4.1,0.9990424,4Q4N_A,0.396,4U65_F,99.87
WP_010938326.1,Non-enzyme,0.871413171291351,EC:3.4.21,0.99435043,7D68_R,0.4681,4JRZ_A,50.49
WP_010938331.1,Non-enzyme,0.999998750022883,EC number not predicted,N/A,1X91_A,0.53,5MGP_w,53.61
WP_010938333.1,Enzyme,0.9787799,EC:2.5.1,0.9999735,2NWB_A,0.4394,3C0T_B,40.25
WP_010938370.1,Non-enzyme,0.999731332063675,EC:1.8.98,0.8645309,4JAV_A,0.5024,6O58_A,50.79
WP_010938371.1,Enzyme,0.99170434,EC number not predicted,N/A,6EZN_H,0.5246,6NFR_A,97.58
WP_010938372.1,Non-enzyme,0.998038023710251,EC number not predicted,N/A,3W1E_A,0.4695,2MII_A,98.49
WP_010938400.1,Enzyme,0.99964154,EC number not predicted,N/A,6U5K_2,0.7167,6U5B_0,99.86
WP_010938404.1,Enzyme,0.9999783,EC:3.1.1,0.7230925,6J0M_A,0.8677,6U5H_B,99.87
WP_010938405.1,Non-enzyme,0.977060377597809,EC:3.1.26,0.97897923,6J0N_b,0.6968,6J0N_f,86.66
WP_010938407.1,Non-enzyme,0.984247416257858,EC number not predicted,N/A,3FGX_B,0.7795,3FGX_A,99.9
WP_010938409.1,Non-enzyme,0.999993606952557,EC number not predicted,N/A,2GUJ_B,0.816,6GKX_A,99.45
WP_010938411.1,Non-enzyme,0.78107562661171,EC:3.6.1,0.51390976,1B47_C,0.4313,2LFC_A,36.36
WP_010938412.1,Enzyme,0.99958956,EC number not predicted,N/A,4HUD_C,0.6405,2QKL_B,39.05
WP_010938416.1,Non-enzyme,0.997146785259247,EC number not predicted,N/A,1TD4_A,0.8542,1TD4_A,99.78
WP_010938417.1,Non-enzyme,0.997680574655533,EC:2.3.2,0.77772367,6U5Z_D,0.3969,4P3H_A,44.3
WP_010938420.1,Non-enzyme,0.993944257497788,EC number not predicted,N/A,6CHD_B,0.5161,3F1Z_A,99.72
WP_010938421.1,Enzyme,0.9155554,EC number not predicted,N/A,3EZK_B,0.8078,3EZK_B,100
WP_014524317.1,Enzyme,0.97351664,EC number not predicted,N/A,4Y66_D,0.5434,2RN7_A,97.82
WP_010938423.1,Non-enzyme,0.996200025081634,EC number not predicted,N/A,6NRC_6,0.8256,6JFV_C,58.05
WP_010938424.1,Non-enzyme,0.995237767696381,EC:6.3.2,0.55954707,6PFP_B,0.4358,4YUU_y2,58.77
WP_010938426.1,Non-enzyme,0.99987581372261,EC number not predicted,N/A,4Q20_B,0.4529,4Q4G_X,13.59
WP_010938430.1,Non-enzyme,0.993436306715012,EC number not predicted,N/A,3R1F_B,0.6009,5J2Y_A,98.14
WP_010938432.1,Non-enzyme,0.995753616094589,EC number not predicted,N/A,4UC4_B,0.6034,2OBK_F,23.39
WP_010938434.1,Non-enzyme,0.681475460529327,EC:3.1.26,0.9995986,1YXB_A,0.6197,5VID_F,81.26
WP_010938436.1,Non-enzyme,0.521802008152008,EC:3.6.1,0.51382375,2P58_A,0.7309,4TX5_A,32.96
WP_010938437.1,Enzyme,0.99685675,EC:3.1.21,0.81206834,6TUT_P,0.6963,6TUT_P,98.31
WP_014524319.1,Non-enzyme,0.933366596698761,EC number not predicted,N/A,2P22_A,0.4022,5CFF_C,32.76
WP_010938442.1,Non-enzyme,0.944452852010727,EC number not predicted,N/A,5UK3_D,0.5848,2K9Q_A,91.8
WP_010938446.1,Enzyme,0.9998981,EC:1.11.1,0.6005742,5V8D_A,0.8064,5V8D_C,100
WP_164561555.1,Non-enzyme,0.975161075592041,EC number not predicted,N/A,6E94_A,0.6602,6TH6_Az,94.88
WP_010938459.1,Non-enzyme,0.999999998975376,EC number not predicted,N/A,1SLJ_A,0.4115,4WT5_B,10.12
WP_014524322.1,Non-enzyme,0.999861657619476,EC:1.9.3,0.9999751,1R5Q_A,0.4923,2MPN_B,19.21
WP_014524323.1,Non-enzyme,0.985212117433548,EC number not predicted,N/A,5GYR_A,0.5086,3HD7_B,15.21
WP_014524324.1,Enzyme,0.93026096,EC:2.7.7,0.7096306,1TC5_B,0.5098,4WWB_A,79.47
WP_010938471.1,Enzyme,0.9589024,EC:4.2.1,0.98780835,1XKE_A,0.6051,2Z0L_F,81
WP_010938472.1,Non-enzyme,0.999336808919907,EC number not predicted,N/A,4DCI_G,0.3749,6PMG_X,16.47
WP_010938473.1,Non-enzyme,0.847659707069397,EC number not predicted,N/A,6BDY_A,0.6235,6S3D_N,73.56
WP_014524325.1,Enzyme,0.99921143,EC number not predicted,N/A,4BKG_A,0.5425,3CWI_A,97.68
WP_150103628.1,Enzyme,0.99996233,EC:2.1.1,0.9999869,4CEM_B,0.4555,5KPE_A,11.8
WP_010938484.1,Non-enzyme,0.999209702014923,EC number not predicted,N/A,2M2F_A,0.6035,6MM4_A,50.11
WP_010938515.1,Enzyme,0.9975399,EC number not predicted,N/A,3UCQ_A,0.7383,1J0K_A,100
WP_010938517.1,Non-enzyme,0.999873399734497,EC number not predicted,N/A,4QSH_A,0.4722,5HPG_A,18.2
WP_010938518.1,Enzyme,0.83254623,EC number not predicted,N/A,2F6R_A,0.7482,2PT5_D,99.62
WP_010938521.1,Non-enzyme,0.999959154694807,EC number not predicted,N/A,6QO1_B,0.5421,6HEL_B,14.17
WP_010938531.1,Enzyme,0.535523,EC number not predicted,N/A,3N0U_B,0.5761,3KNT_C,71.78
WP_010938547.1,Non-enzyme,0.99989284665935,EC:2.7.11,0.910148,2HV8_E,0.6326,6VK0_D,30.31
WP_011792466.1,Non-enzyme,0.999614804983139,EC number not predicted,N/A,4AV2_V,0.6217,4WFW_A,98.83
WP_011792465.1,Non-enzyme,0.999012321233749,EC number not predicted,N/A,3JC9_Oa,0.9015,3JC8_Oa,99.82
WP_014524340.1,Enzyme,0.99868345,EC number not predicted,N/A,3JC9_Mf,0.5645,3JC9_Ma,99.94
WP_014524341.1,Enzyme,0.9911534,EC number not predicted,N/A,4NV5_B,0.6918,4NV5_A,99.79
WP_010938596.1,Enzyme,0.6057023,EC number not predicted,N/A,3T50_B,0.6121,6G1O_A,53.42
WP_010938633.1,Non-enzyme,0.999999900840614,EC number not predicted,N/A,2MII_A,0.6247,2MII_A,98.97
WP_011792449.1,Non-enzyme,0.999012976884842,EC number not predicted,N/A,1TQG_A,0.6693,2R5S_A,96.56
WP_164928125.1,Non-enzyme,0.999999605815816,EC number not predicted,N/A,2G42_A,0.6113,3EC8_A,22.32
WP_010938650.1,Non-enzyme,0.999982468183589,EC:3.6.1,0.55198437,3RJ1_O,0.5756,5EU0_B,89.73
WP_010938657.1,Enzyme,0.8595792,EC number not predicted,N/A,5L26_C,0.6988,5L26_C,94.55
WP_011792423.1,Non-enzyme,0.999792486429214,EC:2.1.1,1,1LK3_B,0.4387,4UZX_A,13.63
WP_010938665.1,Enzyme,0.9963367,EC:2.1.1,0.9504448,1U7L_A,0.4272,2HY6_E,16.36
WP_010938670.1,Non-enzyme,0.999435037374496,EC number not predicted,N/A,1ZHC_A,0.8619,1ZHC_A,99.66
WP_010938676.1,Non-enzyme,0.999353766441345,EC:2.7.7,0.9720851,3D7Q_B,0.6275,3D55_C,63.52
WP_011792418.1,Non-enzyme,0.998066276311874,EC number not predicted,N/A,2D2A_A,0.8446,1X0G_C,99.81
WP_010938685.1,Non-enzyme,0.999863147735596,EC number not predicted,N/A,3GVY_C,0.4417,2OFI_A,34.21
WP_014524348.1,Enzyme,0.98083174,EC number not predicted,N/A,1ZBH_A,0.4301,6LFA_B,54.85
WP_010938691.1,Non-enzyme,0.992194831371307,EC number not predicted,N/A,6TAQ_A,0.8248,6FOS_F,14.02
WP_014524445.1,Non-enzyme,0.984086334705353,EC number not predicted,N/A,5X9C_A,0.3748,6ONP_A,51.49
WP_014524444.1,Non-enzyme,0.998245686292648,EC:1.6.5,0.87194735,6KJI_A,0.5437,3JC8_Oa,88.46
WP_010938702.1,Non-enzyme,0.999928793593426,EC number not predicted,N/A,2L81_A,0.5429,5ZFR_C,96.67
WP_010938714.1,Non-enzyme,0.999920002228464,EC:2.1.1,0.7583064,6GKI_B,0.4582,5D0O_E,57.39
WP_010938727.1,Non-enzyme,0.994937032461166,EC number not predicted,N/A,3BY7_B,0.7171,3BY7_A,99.76
WP_010938748.1,Non-enzyme,0.996841371059418,EC:2.3.2,0.99997807,4ILO_A,0.9387,5Y06_A,100
WP_010938751.1,Enzyme,0.8478222,EC number not predicted,N/A,1KMI_Z,0.6757,1KMI_Z,100
WP_010938753.1,Non-enzyme,0.563403695821762,EC number not predicted,N/A,5T11_B,0.6965,6JYU_A,31.97
WP_014524440.1,Non-enzyme,0.783842325210571,EC:2.1.1,0.8736582,2EFI_A,0.6181,3P7X_C,47.25
WP_164928126.1,Non-enzyme,0.991720706224442,EC number not predicted,N/A,1NTV_A,0.4954,4LG3_C,56.48
WP_010938771.1,Enzyme,0.9959574,EC:2.1.1,0.9922689,5KOK_B,0.6741,5DM0_A,99.08
WP_010938777.1,Non-enzyme,0.97825875878334,EC:3.6.1,0.9729724,6JMK_B,0.4852,5KDO_G,10.47
WP_014524436.1,Enzyme,0.9978157,EC:3.2.1,0.99679303,6OV6_A,0.5791,6OV6_A,99.12
WP_010938780.1,Enzyme,0.999223,EC:4.2.1,0.9999236,4FDY_A,0.7522,3H41_A,99.7
WP_010938782.1,Non-enzyme,0.999982009656378,EC number not predicted,N/A,6TEH_A,0.7717,6TEB_C,98.33
WP_010938785.1,Non-enzyme,0.66194412112236,EC:3.6.1,0.8021287,2OB9_A,0.6214,5DMB_D,41.45
WP_010938786.1,Enzyme,0.9890791,EC number not predicted,N/A,5NGJ_B,0.6103,5NGJ_A,99.23
WP_010938791.1,Enzyme,0.84722424,EC number not predicted,N/A,1G5Z_A,0.4322,4WPY_A,28.73
WP_010938798.1,Enzyme,0.7002548,EC number not predicted,N/A,2LD3_A,0.7266,3CI9_A,90.29
WP_010938799.1,Non-enzyme,0.998059153556824,EC number not predicted,N/A,2L7A_A,0.5065,3BBZ_A,51.42
WP_010938800.1,Non-enzyme,0.95048975944519,EC:3.1.3,0.941236,4KT3_A,0.4695,2O8K_A,35.82
WP_010938802.1,Non-enzyme,0.997378140687942,EC:2.1.1,0.99974334,2E2E_B,0.6516,4CGV_D,98.99
WP_010938804.1,Non-enzyme,0.881706297397614,EC number not predicted,N/A,3V9R_A,0.4571,6VW9_A,30.88
WP_010938805.1,Enzyme,0.8641362,EC number not predicted,N/A,1T0F_A,0.5732,1M0D_C,99.01
WP_014524431.1,Non-enzyme,0.997846364974976,EC:2.7.7,0.94799626,1NO1_A,0.6359,1NO1_C,99.27
WP_041722649.1,Non-enzyme,0.991514265537262,EC number not predicted,N/A,3AJ4_B,0.4908,2N8H_A,60.18
WP_014524429.1,Enzyme,0.5845397,EC number not predicted,N/A,2RJZ_A,0.6205,2IJQ_B,13.29
WP_010938812.1,Enzyme,0.99916846,EC number not predicted,N/A,6FHT_A,0.4074,6XY1_C,46.28
WP_014524426.1,Enzyme,0.76352006,EC:3.6.1,0.9975827,6NR8_4,0.6271,5JHI_A,14.83
WP_010938815.1,Enzyme,0.8295534,EC number not predicted,N/A,6XTY_6,0.4282,6M9K_D,54.08
WP_010938817.1,Enzyme,0.9995842,EC number not predicted,N/A,1W7P_D,0.4776,2JNE_A,98.42
WP_010938818.1,Non-enzyme,0.998452067375183,EC number not predicted,N/A,2LW6_A,0.4346,1B35_D,9.35
WP_010938830.1,Enzyme,0.99890685,EC number not predicted,N/A,3ZG1_A,0.524,6CO6_B,20.62
WP_010938833.1,Non-enzyme,0.914693385362625,EC:3.1.21,0.8637737,5UGW_A,0.539,6MZM_X,48.83
WP_010938834.1,Non-enzyme,0.999999243657385,EC number not predicted,N/A,5XAU_C,0.462,6G5I_z,59.26
WP_014524421.1,Enzyme,0.999354,EC number not predicted,N/A,NULL,NULL,NULL,NULL
WP_010938847.1,Enzyme,0.9994388,EC number not predicted,N/A,1H21_B,0.7802,1H21_D,99.87
WP_010938850.1,Enzyme,0.99910307,EC number not predicted,N/A,1H7X_C,0.5367,2VDC_H,99.94
WP_010938858.1,Non-enzyme,0.992780834436417,EC:4.1.2,0.9009594,1QXF_A,0.7027,2JNY_A,98.44
WP_014524412.1,Non-enzyme,0.998191684484482,EC:3.2.1,0.53810275,1H6W_A,0.5705,2L2O_A,33.3
WP_010938872.1,Enzyme,0.9979756,EC number not predicted,N/A,5M6S_A,0.6649,5J0K_A,74.04
WP_010938873.1,Enzyme,0.9991299,EC number not predicted,N/A,4Z48_A,0.6747,3WJT_A,99.71
WP_011792331.1,Enzyme,0.99990016,EC number not predicted,N/A,2MZV_A,0.517,3A9F_A,59.63
WP_010938898.1,Enzyme,0.99986756,EC number not predicted,N/A,4FIX_B,0.8096,5HEA_B,99.88
WP_010938911.1,Non-enzyme,0.796332210302353,EC number not predicted,N/A,6PLN_A,0.6289,6GMH_L,97.55
WP_010938912.1,Non-enzyme,0.998668998479843,EC number not predicted,N/A,2KL4_A,0.6676,4OK9_A,78.54
WP_011792318.1,Non-enzyme,0.990608066320419,EC number not predicted,N/A,4COS_A,0.4705,6JIE_A,69.03
WP_011792315.1,Enzyme,0.99922204,EC:4.2.2,0.73215175,4UU4_A,0.7183,4UU4_A,99.72
WP_011792312.1,Enzyme,0.99932003,EC:1.6.5,0.99957085,6K1H_B,0.896,6K1H_E,100
WP_010940650.1,Enzyme,0.53799784,EC:2.7.7,0.990566,3TFG_B,0.6229,6SBW_A,98.28
WP_010938946.1,Non-enzyme,0.999124854803085,EC number not predicted,N/A,6TLY_A,0.4285,2FQH_A,98.46
WP_010938950.1,Non-enzyme,0.986388623714447,EC:2.7.7,0.85384274,2MA3_A,0.7232,6UKA_B,85.23
WP_010938964.1,Non-enzyme,0.999948556956952,EC number not predicted,N/A,2DIG_A,0.6647,3WWN_B,90.95
WP_010938972.1,Enzyme,0.97881925,EC number not predicted,N/A,3BJC_A,0.4883,5WUJ_A,6.82
WP_010938981.1,Non-enzyme,0.990387707948685,EC number not predicted,N/A,6J8O_B,0.6119,6SKG_Bo,58.06
WP_010938985.1,Non-enzyme,0.996562063694,EC number not predicted,N/A,3HNW_B,0.4811,1B9Y_B,33.03
WP_010938986.1,Non-enzyme,0.99604395031929,EC number not predicted,N/A,6OV6_A,0.6242,6OV6_A,99.44
WP_150103622.1,Non-enzyme,0.999962410525768,EC number not predicted,N/A,1BAK_A,0.3283,3K6X_A,14.88
WP_164928129.1,Non-enzyme,0.999386042356491,EC:4.6.1,0.7995459,6QN1_FB,0.5331,1Z8Y_G,42.08
WP_014524401.1,Enzyme,0.9469469,EC:3.1.21,0.9910345,6RKV_D,0.4349,2VLD_A,89.77
WP_014524400.1,Enzyme,0.9923403,EC number not predicted,N/A,6BFI_A,0.3841,2LT3_A,14.45
WP_010939001.1,Enzyme,0.6258558,EC number not predicted,N/A,6EWY_A,0.5343,3ZUQ_A,29.91
WP_010939002.1,Enzyme,0.99877083,EC number not predicted,N/A,6R21_f,0.839,6R21_f,100
WP_010939003.1,Enzyme,0.9997313,EC:4.1.1,0.6300843,6R21_M,0.824,5MU4_A,100
WP_010939004.1,Non-enzyme,0.845688343048096,EC number not predicted,N/A,5K39_A,0.4341,6NHJ_e,3.9
WP_010939005.1,Non-enzyme,0.959799647331238,EC number not predicted,N/A,3J4U_M,0.7833,3J4U_L,99.72
WP_010939006.1,Enzyme,0.99981546,EC number not predicted,N/A,3J4U_C,0.9143,3J4U_E,100
WP_010939007.1,Enzyme,0.93988407,EC number not predicted,N/A,5YIX_A,0.3476,5VMR_C,25.55
WP_010939008.1,Non-enzyme,0.999606877565384,EC:2.7.4,0.87377024,2K9A_A,0.5287,2FTC_Q,31.49
WP_010939009.1,Enzyme,0.9872279,EC number not predicted,N/A,6QWP_F,0.8671,6QWP_C,100
WP_010939010.1,Non-enzyme,0.999999958731653,EC number not predicted,N/A,3ADY_A,0.3456,6PX3_S,73.12
WP_010939011.1,Enzyme,0.9993869,EC number not predicted,N/A,3TCV_B,0.8297,6E1X_D,99.74
WP_010939012.1,Enzyme,0.99958,EC:2.3.1,0.9134934,3EZK_B,0.7728,3EZK_B,100
WP_010939013.1,Non-enzyme,0.993553131818771,EC:3.1.26,0.9999549,4DYQ_B,0.5986,4DYQ_B,99.55
WP_010939014.1,Enzyme,0.7119497,EC number not predicted,N/A,1L4A_C,0.7622,3CI9_A,91.67
WP_010939015.1,Non-enzyme,0.99488177895546,EC:1.9.3,0.8382392,2L7A_A,0.4952,3BBZ_A,53.09
WP_010939016.1,Non-enzyme,0.994145095348358,EC:3.1.3,0.99934,4KT3_A,0.4463,2O8K_A,33.2
WP_014524399.1,Enzyme,0.9995276,EC:2.7.11,0.7621487,7APK_J,0.4065,3PFI_A,98.6
WP_010939023.1,Non-enzyme,0.999156951904297,EC number not predicted,N/A,3U97_A,0.7916,3U97_A,99.03
WP_010939024.1,Enzyme,0.8005554,EC:2.7.7,0.8924813,4PZO_C,0.4794,2E6X_C,13.18
WP_010939025.1,Enzyme,0.99463457,EC number not predicted,N/A,1Y6U_A,0.7271,1Y6U_A,99.19
WP_164928130.1,Non-enzyme,0.643273711204529,EC:3.2.1,0.6878408,2B9K_A,0.6439,2B9K_A,44.01
WP_081448125.1,Non-enzyme,0.99987530708313,EC:1.14.14,0.9727478,1J7K_A,0.4856,4YKC_A,22.3
WP_010939028.1,Non-enzyme,0.993319660425186,EC:3.1.3,0.74354804,1NO1_A,0.6325,1NO1_C,99.36
WP_010939029.1,Enzyme,0.998504,EC number not predicted,N/A,5WTN_D,0.3628,4AYB_Q,1.84
WP_164561408.1,Non-enzyme,0.952396035194397,EC number not predicted,N/A,5JBR_B,0.5452,2OG0_B,87.84
WP_014524394.1,Enzyme,0.81550974,EC number not predicted,N/A,4V9O_FV,0.4404,2VYC_C,40.32
WP_014524392.1,Non-enzyme,0.770923048257828,EC:1.6.5,0.9979427,3QHC_A,0.5924,1K1F_B,7.07
WP_010939040.1,Non-enzyme,0.996845036745071,EC number not predicted,N/A,1TQG_A,0.6145,3FF5_A,36.08
WP_014524391.1,Non-enzyme,0.834937632083893,EC:1.9.3,0.5975777,1NLW_A,0.5423,1LXN_A,23.84
WP_010939042.1,Enzyme,0.967268,EC number not predicted,N/A,3R1F_B,0.6764,2KPJ_A,98.82
WP_010939043.1,Non-enzyme,0.97111788392067,EC:1.11.1,0.7651811,6G81_A,0.5384,5M3K_B,86.78
WP_014524389.1,Enzyme,0.9885622,EC number not predicted,N/A,3EER_A,0.5745,3FP9_A,55.53
WP_010939044.1,Non-enzyme,0.999832004308701,EC:2.7.7,0.66986144,6PIJ_I,0.7433,1Z4H_A,98.95
WP_010939062.1,Enzyme,0.8250289,EC:2.1.1,0.88358027,5Y6F_A,0.7408,5KEC_A,99.83
WP_010939082.1,Non-enzyme,0.999986659278875,EC number not predicted,N/A,1NLW_B,0.4342,2MFR_A,86.18
WP_010940655.1,Enzyme,0.9868039,EC:2.4.1,0.9766035,4GIC_A,0.7999,4G07_A,100
WP_150103619.1,Non-enzyme,0.999765932559967,EC:1.3.7,0.9569471,5FMF_R,0.5343,4C2M_B,35.96
WP_014524383.1,Non-enzyme,0.995945036411285,EC:3.2.1,0.95488936,3WVO_A,0.4524,2HEQ_A,78.28
WP_010939108.1,Enzyme,0.9998414,EC number not predicted,N/A,2VDC_F,0.8124,2VDC_A,100
WP_010939113.1,Non-enzyme,0.998463839292526,EC number not predicted,N/A,1QTT_A,0.4864,4V9F_1,32.8
WP_010939117.1,Non-enzyme,0.977818101644516,EC number not predicted,N/A,2RDE_A,0.6148,5KEC_A,99.79
WP_010939131.1,Non-enzyme,0.999926578784652,EC number not predicted,N/A,2D9D_A,0.7638,5GNP_A,49.15
WP_010939139.1,Non-enzyme,0.999977944942657,EC number not predicted,N/A,3VJF_B,0.5753,5LO4_A,85.17
WP_014524380.1,Enzyme,0.9959805,EC number not predicted,N/A,6EZ3_A,0.4729,3KGK_B,69.12
WP_010939151.1,Non-enzyme,0.994590610265732,EC:1.11.1,0.6103873,2Z1A_A,0.5012,2Z1A_A,70.75
WP_010939152.1,Enzyme,0.999455,EC:3.1.1,0.73847556,3GVE_A,0.8569,5H7W_B,99.87
WP_010939166.1,Non-enzyme,0.990561008453369,EC:3.2.1,0.96243584,2X9Q_B,0.4902,3KTB_A,67.24
WP_010939173.1,Enzyme,0.99919116,EC number not predicted,N/A,1XFI_A,0.5215,2Q40_A,100
WP_010939180.1,Non-enzyme,0.999997727833488,EC number not predicted,N/A,1YOP_A,0.6179,1VD4_A,98.36
WP_011792157.1,Non-enzyme,0.999992486692463,EC:3.1.11,0.9469917,2A3D_A,0.581,6MEZ_B,34.3
WP_010939229.1,Non-enzyme,0.999890656945354,EC:3.4.21,0.71725035,2Q2F_A,0.5524,4LPZ_D,36.88
WP_010939234.1,Non-enzyme,0.999985791872859,EC number not predicted,N/A,5KEW_E,0.6445,6DG6_E,27.64
WP_010939241.1,Non-enzyme,0.961505830287933,EC number not predicted,N/A,4R7S_A,0.7102,1N94_A,99.9
WP_014524365.1,Non-enzyme,0.997400492429733,EC number not predicted,N/A,1WLP_B,0.4315,4B2U_A,8.73
WP_010939266.1,Enzyme,0.77813435,EC:2.3.2,0.76587176,1JMW_A,0.7096,2KRU_A,36.14
WP_010939276.1,Non-enzyme,0.884652048349381,EC:3.2.1,0.9997188,2P3P_B,0.6962,2P3P_B,100
WP_010939277.1,Enzyme,0.9997613,EC number not predicted,N/A,1AH7_A,0.4454,5VID_F,24.43
WP_164928132.1,Non-enzyme,0.999999226350155,EC number not predicted,N/A,5J0N_H,0.632,3JU0_A,98.87
WP_010939290.1,Non-enzyme,0.999958541335218,EC number not predicted,N/A,2HU9_B,0.7023,2HU9_A,99.22
WP_010939305.1,Enzyme,0.9994385,EC number not predicted,N/A,4TRK_A,0.5191,3FOV_A,84.18
WP_010939313.1,Enzyme,0.99769366,EC number not predicted,N/A,5EAN_A,0.5376,3SM4_C,99.54
WP_010939314.1,Non-enzyme,0.99947726726532,EC number not predicted,N/A,2WNY_A,0.5319,2KRX_A,20.9
WP_010939319.1,Enzyme,0.8756448,EC number not predicted,N/A,2DBO_A,0.5864,5BNF_B,26.2
WP_010939320.1,Enzyme,0.9940954,EC number not predicted,N/A,4MJ3_D,0.7969,1ILO_A,17.01
WP_010939323.1,Enzyme,0.81558526,EC number not predicted,N/A,2NVO_A,0.4612,6QT8_A,99.29
WP_010939325.1,Non-enzyme,0.952874898910522,EC number not predicted,N/A,6KE9_B,0.4535,2VR0_F,75.79
WP_014524452.1,Non-enzyme,0.999351382255554,EC number not predicted,N/A,3UCS_B,0.619,1Z4H_A,98.88
WP_010939329.1,Enzyme,0.99951625,EC number not predicted,N/A,5Z1W_A,0.4035,2DSY_B,50.8
WP_010939335.1,Enzyme,0.7165984,EC:2.1.1,0.9978335,5MG3_D,0.3489,6QBK_A,35.83
WP_010940661.1,Enzyme,0.9824544,EC:3.1.22,0.9683952,3TMB_B,0.6142,3TM8_A,97.13
WP_010939349.1,Enzyme,0.98571867,EC:2.4.1,0.7929151,5IR6_A,0.8191,6RX4_A,100
WP_014524456.1,Non-enzyme,0.999932657919999,EC number not predicted,N/A,3BPQ_A,0.5458,5OK8_A,71.59
WP_010940668.1,Enzyme,0.67159706,EC:1.6.5,0.52347887,3SSU_A,0.5264,2M67_A,53.36
WP_164928135.1,Non-enzyme,0.999857217073441,EC number not predicted,N/A,2KYZ_A,0.5088,2HW4_A,23.79
WP_014524458.1,Enzyme,0.9981097,EC:3.6.1,0.8656648,4P74_B,0.7092,4P72_A,99.78
WP_041722671.1,Non-enzyme,0.901794403791428,EC number not predicted,N/A,4CMN_A,0.3075,4V8M_AD,37.25
WP_010939385.1,Enzyme,0.98851943,EC number not predicted,N/A,1EO1_A,0.8711,1EO1_A,99.87
WP_014524461.1,Non-enzyme,0.99989063796238,EC number not predicted,N/A,4RGI_A,0.4913,4RGI_A,83.89
WP_010939397.1,Non-enzyme,0.809634476900101,EC number not predicted,N/A,5J97_A,0.3502,5CYB_A,87.31
WP_010939407.1,Enzyme,0.58336115,EC number not predicted,N/A,2ZET_D,0.411,1DD4_C,10.95
WP_010939409.1,Non-enzyme,0.740746676921845,EC:1.9.3,0.999893,4LI0_F,0.4998,6XQN_E,55.63
WP_010939412.1,Non-enzyme,0.968036323785782,EC number not predicted,N/A,6LG2_A,0.5218,3HE5_E,86.18
WP_010939428.1,Non-enzyme,0.999835431575775,EC:3.1.11,0.7469181,2HG7_A,0.6415,2HG7_A,99.87
WP_010939429.1,Enzyme,0.9991205,EC:2.3.1,0.79353,5HZF_A,0.4961,2JG9_A,39.68
WP_010939433.1,Non-enzyme,0.999822616577148,EC number not predicted,N/A,6TEH_A,0.7263,6TEB_C,97.74
WP_041722685.1,Enzyme,0.9247785,EC number not predicted,N/A,6BS9_C,0.6543,6S0Z_O,29.58
WP_010939435.1,Non-enzyme,0.998400151729584,EC:2.7.7,0.9641268,4GXO_A,0.462,2N5J_A,67.61
WP_010939436.1,Enzyme,0.9955343,EC number not predicted,N/A,5NGJ_B,0.7144,5NGJ_B,99.27
WP_010939437.1,Enzyme,0.99888456,EC number not predicted,N/A,6TE9_F,0.6398,2LFP_A,93.26
WP_010939438.1,Enzyme,0.8510586,EC number not predicted,N/A,5OQM_l,0.4431,6A6X_C,59.07
WP_014524471.1,Non-enzyme,0.998330503702164,EC:2.1.1,0.8528696,5KBX_B,0.8262,1E9K_A,52.33
WP_010939440.1,Enzyme,0.7179295,EC:2.7.7,0.58302385,1G7D_A,0.8429,3B1S_B,58.87
WP_010939444.1,Non-enzyme,0.999990855891156,EC number not predicted,N/A,3ANW_A,0.6283,5GHR_B,89.28
WP_010939449.1,Enzyme,0.6232394,EC number not predicted,N/A,2L6Q_A,0.6635,2L6R_A,97.67
WP_010939451.1,Non-enzyme,0.993557810783386,EC:2.3.1,0.8660203,5AL7_B,0.4306,3NPD_A,21.43
WP_010939458.1,Enzyme,0.9986068,EC number not predicted,N/A,3O1J_A,0.4671,4E6E_A,47.93
WP_010939461.1,Non-enzyme,0.925827234983444,EC number not predicted,N/A,3A0R_A,0.3638,6HN7_B,95.77
WP_010939462.1,Non-enzyme,0.913126170635223,EC number not predicted,N/A,6EDW_B,0.4546,5D4N_A,32.46
WP_010940664.1,Non-enzyme,0.907735377550125,EC number not predicted,N/A,6V93_E,0.5565,2K9Q_A,82.61
WP_010939467.1,Enzyme,0.727184,EC:2.3.1,0.61569,4R4M_B,0.612,1NH2_B,14.71
WP_014524482.1,Non-enzyme,0.998330742120743,EC:3.1.26,0.99630547,2I13_A,0.4811,1DP7_P,68.27
WP_010939469.1,Non-enzyme,0.843385577201843,EC number not predicted,N/A,5VQH_A,0.4605,2KDX_A,71.03
WP_010939470.1,Enzyme,0.6983814,EC:3.1.26,0.99918664,2KIN_B,0.5482,1RWJ_A,64.36
WP_010939473.1,Non-enzyme,0.96477535367012,EC number not predicted,N/A,5AX2_A,0.677,3WWL_A,95.96
WP_010939475.1,Non-enzyme,0.999610215425491,EC:4.1.1,0.9882029,3UJ3_X,0.6614,3MZY_A,74.05
WP_010939481.1,Non-enzyme,0.99979642033577,EC number not predicted,N/A,1GDT_A,0.6754,1ZR2_A,99.62
WP_010939487.1,Enzyme,0.82937264,EC:3.1.1,0.79572225,7L32_A,0.8826,4AP8_C,100
WP_010939495.1,Non-enzyme,0.999372988939285,EC number not predicted,N/A,1RR7_A,0.7113,1RR7_A,99.35
WP_010939498.1,Enzyme,0.99562967,EC:5.3.3,0.580139,4GEH_A,0.6228,4UY3_A,32.25
WP_010939499.1,Enzyme,0.99833345,EC number not predicted,N/A,6CT0_0,0.6636,6H55_A,98.75
WP_010939507.1,Non-enzyme,0.998072296380997,EC:3.6.1,0.9997531,2DNX_A,0.6204,3O39_B,28.03
WP_014524486.1,Enzyme,0.62112206,EC:3.2.1,0.807058,3S6W_A,0.3803,1P4Q_A,13.71
WP_010939510.1,Non-enzyme,0.999997489137058,EC number not predicted,N/A,3MC3_A,0.8847,2D1P_D,99.11
WP_010940656.1,Non-enzyme,0.89074718952179,EC:2.7.7,0.99999833,3UV0_A,0.575,4G6T_B,80.75
WP_010939536.1,Enzyme,0.99646246,EC:3.5.1,0.73370546,4QLB_D,0.542,3OY2_A,99.79
WP_010939559.1,Enzyme,0.9954246,EC:1.6.5,0.60190237,5TPM_A,0.4689,1QCR_D,6.01
WP_010940659.1,Enzyme,0.9909183,EC:2.7.7,0.9985124,3BIX_B,0.4033,4G6T_B,85.38
WP_010939597.1,Enzyme,0.971131,EC:3.1.26,0.9044703,6CII_A,0.4859,1EA4_F,51.88
WP_049775581.1,Non-enzyme,0.989899158477783,EC:2.7.1,0.7338151,5MGX_H,0.6211,5L0Y_H,99.26
WP_164928137.1,Non-enzyme,0.999452620744705,EC:1.1.1,0.90467525,2MZJ_A,0.4385,6XTY_4,20.08
WP_010939608.1,Enzyme,0.67625034,EC:2.4.1,0.9861388,3SGG_A,0.4596,2NLY_A,99.9
WP_010939618.1,Non-enzyme,0.999269634485245,EC:3.2.1,0.9301901,6SAK_D,0.4262,6XYB_C,12.59
WP_010939624.1,Enzyme,0.99948096,EC number not predicted,N/A,2M5I_A,0.5669,6HWH_B,30.32
WP_010939654.1,Enzyme,0.9894363,EC number not predicted,N/A,6XJH_A,0.7716,5DO7_A,95.45
WP_010940660.1,Enzyme,0.9989265,EC number not predicted,N/A,6NR7_A,0.4307,4GWQ_A,22.44
WP_150103623.1,Enzyme,0.998871,EC number not predicted,N/A,5TBF_A,0.6397,1REP_C,99.53
WP_010939686.1,Enzyme,0.9457246,EC number not predicted,N/A,7JSN_B,0.4309,3HJL_A,99.93
WP_010939692.1,Enzyme,0.90878856,EC number not predicted,N/A,3ZNU_A,0.7523,1MWQ_A,99.64
WP_011791841.1,Enzyme,0.9999957,EC number not predicted,N/A,4LJR_A,0.6568,2NX2_A,99.46
WP_011791839.1,Enzyme,0.99131435,EC number not predicted,N/A,2RHU_A,0.6018,5DMA_A,98.13
WP_014524519.1,Enzyme,0.99579763,EC number not predicted,N/A,4AR1_A,0.5246,3VZ9_B,39.22
WP_010939718.1,Non-enzyme,0.981169074773788,EC number not predicted,N/A,6TJL_B,0.6964,2BTW_B,98.67
WP_011791831.1,Non-enzyme,0.897147089242935,EC number not predicted,N/A,2OWY_A,0.6613,2OWL_A,98.45
WP_010939734.1,Enzyme,0.99960005,EC:6.3.2,0.52020156,2HYE_C,0.4063,2MHC_A,25.52
WP_010939744.1,Non-enzyme,0.65022423863411,EC number not predicted,N/A,1YPY_A,0.413,1SGV_B,5.08
WP_010939755.1,Non-enzyme,0.999677658081055,EC:1.6.5,1,5IR6_A,0.8007,5IR6_A,99.94
WP_010939781.1,Non-enzyme,0.999980035561748,EC number not predicted,N/A,6H9N_B,0.7561,6H9N_B,99.51
WP_010939792.1,Enzyme,0.9965066,EC number not predicted,N/A,2L5A_A,0.4332,6PPC_A,61
WP_010939819.1,Non-enzyme,0.999204844236374,EC number not predicted,N/A,4LMY_B,0.6021,5CFI_A,68.36
WP_010939826.1,Non-enzyme,0.987105816602707,EC number not predicted,N/A,4O8A_A,0.507,1EA4_F,90.1
WP_014524530.1,Enzyme,0.99005413,EC number not predicted,N/A,5BUX_B,0.6357,5BUY_A,99.49
WP_010939843.1,Non-enzyme,0.999776035547256,EC number not predicted,N/A,6NCL_b0,0.3215,5MX2_R,88.29
WP_010939849.1,Non-enzyme,0.954904973506928,EC number not predicted,N/A,3UQ3_A,0.6036,5AIO_A,99.33
WP_010939862.1,Non-enzyme,0.997897565364838,EC:3.6.1,0.9237149,6JMK_B,0.4886,5KDO_G,10.5
WP_014524532.1,Enzyme,0.99893594,EC number not predicted,N/A,5JSE_A,0.4712,6OV6_A,99.62
WP_164562126.1,Non-enzyme,0.99995097721694,EC number not predicted,N/A,7JW1_E,0.5911,5Z08_D,7.27
WP_010939865.1,Enzyme,0.9998274,EC:2.7.7,0.9999053,4R9M_A,0.7885,4E2A_B,99.4
WP_010939868.1,Enzyme,0.9995148,EC number not predicted,N/A,6R21_M,0.8657,5MU4_A,100
WP_010939869.1,Non-enzyme,0.999911566657829,EC number not predicted,N/A,6GV8_A,0.3638,4V2T_K,35.1
WP_010939870.1,Non-enzyme,0.999588370323181,EC number not predicted,N/A,3J4U_M,0.7304,3J4U_L,99.58
WP_010940670.1,Enzyme,0.99948627,EC number not predicted,N/A,3J40_B,0.9244,3J4U_E,100
WP_014524534.1,Non-enzyme,0.994848132133484,EC number not predicted,N/A,4L8T_A,0.3873,5VMR_D,29.2
WP_010939872.1,Non-enzyme,0.97576305270195,EC number not predicted,N/A,2M5I_A,0.4934,4L3U_A,14.27
WP_010939873.1,Enzyme,0.99847746,EC:6.1.1,0.9164734,6QWP_F,0.8446,6QWP_C,100
WP_011791744.1,Non-enzyme,0.999967209249007,EC number not predicted,N/A,6K4W_A,0.3203,6PX3_S,45.85
WP_010939875.1,Non-enzyme,0.990685790777206,EC number not predicted,N/A,5H5Z_B,0.4997,4ACV_B,8.94
WP_010939876.1,Non-enzyme,0.739644318819046,EC:2.5.1,0.9829777,5Y6F_A,0.5955,5KEC_A,97.27
WP_014524535.1,Non-enzyme,0.772786915302277,EC number not predicted,N/A,3TCV_B,0.6476,5IX3_A,99.55
WP_010939880.1,Enzyme,0.996858,EC:1.14.13,0.71358865,3EZK_B,0.7993,3EZK_B,100
WP_014524537.1,Enzyme,0.9877168,EC number not predicted,N/A,3D59_A,0.6437,5HDF_B,99.83
WP_010939890.1,Enzyme,0.9973192,EC:3.5.2,0.9277307,5E05_A,0.3539,4IPA_C,34.28
WP_010939892.1,Enzyme,0.9995581,EC number not predicted,N/A,3JC8_Nh,0.61,3JC8_Oa,90.08
WP_010939895.1,Non-enzyme,0.993286699056625,EC number not predicted,N/A,2OXQ_D,0.6287,2DS5_B,91.87
WP_010939896.1,Non-enzyme,0.944725692272186,EC number not predicted,N/A,1V9Y_A,0.5181,4IMH_B,19.53
WP_010939898.1,Enzyme,0.9982635,EC number not predicted,N/A,5EC9_A,0.4396,3CJL_A,17.29
WP_011791730.1,Non-enzyme,0.996947109699249,EC number not predicted,N/A,6GYM_W,0.6176,1Y6U_A,98.77
WP_010939900.1,Non-enzyme,0.730050384998322,EC number not predicted,N/A,4DNI_A,0.5933,1WOC_C,89.37
WP_010939901.1,Non-enzyme,0.99999968531057,EC number not predicted,N/A,4YON_A,0.5148,3HZ7_A,39.73
WP_010939903.1,Non-enzyme,0.99573090672493,EC number not predicted,N/A,1PLS_A,0.5516,5TDY_C,29.39
WP_010939907.1,Enzyme,0.9973042,EC number not predicted,N/A,4GZU_B,0.5058,3F5R_A,45.23
WP_010939909.1,Non-enzyme,0.996806204319,EC number not predicted,N/A,3FO5_A,0.5325,3ZBI_L,78.76
WP_010939911.1,Non-enzyme,0.55412745475769,EC number not predicted,N/A,2ZZE_A,0.9143,3KEW_A,99.93
WP_014524543.1,Enzyme,0.8397213,EC:3.2.1,0.88839895,5EX2_A,0.4444,2EBF_X,40.34
WP_010939921.1,Non-enzyme,0.972333490848541,EC:2.3.1,0.92958134,1P35_A,0.4595,2EBF_X,36.99
WP_010939932.1,Enzyme,0.9790437,EC:5.3.1,0.9813297,4BBJ_A,0.8177,2NO5_B,99.65
WP_010939945.1,Non-enzyme,0.955383360385895,EC:2.3.1,0.67501867,4YBA_A,0.6946,2K9Q_A,97.02
WP_010939950.1,Non-enzyme,0.996938049793243,EC number not predicted,N/A,4IN3_A,0.5294,5LUP_C,30.59
WP_014524550.1,Enzyme,0.74798477,EC number not predicted,N/A,3C4R_D,0.6045,2K9Q_A,94.06
WP_014524554.1,Enzyme,0.72469306,EC number not predicted,N/A,2P2U_B,0.5909,5U59_A,71.06
WP_010939961.1,Non-enzyme,0.999999212413513,EC number not predicted,N/A,1U61_A,0.5938,5VID_F,82.72
WP_010939962.1,Enzyme,0.88396806,EC:2.7.7,0.9928682,3STB_D,0.5676,1SVD_M,64.37
WP_010939963.1,Enzyme,0.9992809,EC number not predicted,N/A,6R3E_A,0.6238,2RE3_A,37.92
WP_010939966.1,Non-enzyme,0.999571233987808,EC number not predicted,N/A,6NX4_A,0.5975,5KS5_A,98.39
WP_010939969.1,Non-enzyme,0.999989304273186,EC number not predicted,N/A,3HNW_B,0.4312,4Q4G_X,36.66
WP_014524556.1,Non-enzyme,0.998467236757278,EC:1.11.1,0.7527128,1UKX_A,0.4733,3ZBI_L,94.77
WP_010939971.1,Non-enzyme,0.999992807536728,EC number not predicted,N/A,3HNW_B,0.7096,3JC8_Oa,88.95
WP_010939972.1,Non-enzyme,0.996214926242828,EC number not predicted,N/A,2WZ7_E,0.7198,2XZR_A,85.02
WP_010940676.1,Enzyme,0.9826182,EC:2.5.1,0.99859047,7AE6_A,0.6899,3C8G_A,95.78
WP_010939980.1,Non-enzyme,0.999237954616547,EC number not predicted,N/A,2OUT_A,0.515,2OUT_A,98.81
WP_010939985.1,Non-enzyme,0.851562738418579,EC number not predicted,N/A,3AU7_A,0.537,6G6F_D,60.86
WP_010939987.1,Non-enzyme,0.99034371972084,EC number not predicted,N/A,6GKX_A,0.693,3HNW_B,38.07
WP_010939988.1,Non-enzyme,0.998863965272903,EC number not predicted,N/A,2OB9_A,0.642,2OB9_B,54.91
WP_010939990.1,Enzyme,0.9998404,EC number not predicted,N/A,5UE8_A,0.4542,6J0N_f,93.19
WP_010939993.1,Non-enzyme,0.999954616909236,EC number not predicted,N/A,3VA9_A,0.468,3A0B_x,69.1
WP_010939994.1,Non-enzyme,0.982424408197403,EC number not predicted,N/A,2IA7_A,0.8826,6U5K_B,99.68
WP_010940672.1,Enzyme,0.9942825,EC number not predicted,N/A,6PMT_A,0.5027,6BQW_F,80.27
WP_010940012.1,Enzyme,0.9997617,EC:2.1.1,0.8424868,4LB0_A,0.7779,6JIW_A,99.95
WP_010940013.1,Enzyme,0.7874545,EC:2.4.1,0.99999774,6F38_n,0.4126,3O0F_A,99.79
WP_011791684.1,Enzyme,0.9971609,EC number not predicted,N/A,5X4U_A,0.6725,5X4T_A,99.7
WP_010940027.1,Non-enzyme,0.999417126178741,EC number not predicted,N/A,6KAF_Z,0.6403,6DXR_B,54.73
WP_010940032.1,Non-enzyme,0.624556094408035,EC number not predicted,N/A,4UN1_A,0.7222,3CP8_A,15.03
WP_010940044.1,Non-enzyme,0.943091034889221,EC:2.1.1,0.9999372,4OX0_A,0.7061,5J0J_C,83.86
WP_014524569.1,Non-enzyme,0.683965146541595,EC:3.1.26,0.97731364,3NKU_B,0.4968,1O5H_A,16
WP_010940055.1,Non-enzyme,0.569692730903626,EC number not predicted,N/A,5YS3_B,0.9669,5YS3_A,100
WP_014524572.1,Non-enzyme,0.998501479625702,EC number not predicted,N/A,2FH0_A,0.4795,1Q90_R,87.88
WP_010940069.1,Enzyme,0.9996811,EC:2.4.2,0.9488228,3WFD_B,0.4819,2MMU_A,8.2
WP_010940095.1,Non-enzyme,0.99995545253114,EC number not predicted,N/A,1Y6U_A,0.6744,1Z4H_A,99
WP_010940096.1,Non-enzyme,0.996578007936478,EC number not predicted,N/A,1F2H_A,0.5522,2CO3_B,38.04
WP_014524576.1,Non-enzyme,0.999315083026886,EC:2.7.7,0.9972786,1ZW0_C,0.6651,4X3H_A,32.93
WP_010940097.1,Non-enzyme,0.999826788902283,EC number not predicted,N/A,5Z1V_B,0.5587,6VQV_A,67.09
WP_010940099.1,Non-enzyme,0.989138096570969,EC number not predicted,N/A,5GOX_B,0.5055,5H1N_B,56.7
WP_010940100.1,Enzyme,0.99994487,EC number not predicted,N/A,3U4V_B,0.4828,6YJ4_i,13.37
WP_010940103.1,Enzyme,0.99968946,EC:3.1.21,0.7381326,5ZI3_B,0.4538,3H1T_A,98.83
WP_010940105.1,Enzyme,0.6207738,EC number not predicted,N/A,1P4X_A,0.5632,5TF3_A,34.42
WP_010940106.1,Enzyme,0.99962646,EC:3.2.2,0.771279,4L3I_B,0.4461,3D36_C,14.84
WP_010940110.1,Enzyme,0.99934876,EC number not predicted,N/A,3U0H_A,0.7448,2HK1_D,96.08
WP_010940113.1,Non-enzyme,0.999738097190857,EC number not predicted,N/A,1TUA_A,0.5847,6AZ6_A,57.95
WP_014524579.1,Non-enzyme,0.991348534822464,EC number not predicted,N/A,5YFP_E,0.3791,6V8I_AF,98.01
WP_010940125.1,Non-enzyme,0.999975268725393,EC:2.4.2,0.99481213,6U5F_D,0.6665,3FZ2_J,99.73
WP_010940128.1,Enzyme,0.9841362,EC:2.1.1,0.6986297,6V40_A,0.8552,6V40_A,100
WP_010940130.1,Non-enzyme,0.988747507333756,EC:5.2.1,0.99998975,6U0M_B,0.4861,5GHS_D,81.43
WP_010940133.1,Non-enzyme,0.946861445903778,EC:1.14.14,0.5854121,1I96_V,0.6395,2L6R_A,98.02
WP_010940134.1,Enzyme,0.7377018,EC number not predicted,N/A,6X7K_AB,0.6197,4MCT_D,33.59
WP_010940137.1,Non-enzyme,0.965809941291809,EC:2.7.7,0.8407291,3L9F_A,0.5028,6HN7_B,97.23
WP_014524585.1,Enzyme,0.99979585,EC number not predicted,N/A,4BQN_A,0.9167,4BQN_B,100
WP_010940168.1,Non-enzyme,0.932432234287262,EC number not predicted,N/A,6ZG3_D,0.8888,5JSZ_D,99.93
WP_010940178.1,Non-enzyme,0.90593957901001,EC:3.1.26,0.9998449,3P27_B,0.4714,2LWA_A,26.08
WP_150100223.1,Non-enzyme,0.994407773017883,EC number not predicted,N/A,6VD9_B,0.5685,5IA8_A,17.99
WP_010940198.1,Enzyme,0.9996252,EC number not predicted,N/A,6JT1_B,0.3726,5Z2I_B,31.4
WP_014524588.1,Non-enzyme,0.668071508407593,EC number not predicted,N/A,6QLE_P,0.4633,6H9N_B,89.43
WP_010940206.1,Non-enzyme,0.999996430609144,EC:2.7.7,0.8756595,1AN2_A,0.5799,1GCM_C,78.14
WP_010940218.1,Non-enzyme,0.99898099899292,EC:1.6.5,0.99999243,4A25_C,0.5332,5V2C_Z,10.24
WP_010940220.1,Enzyme,0.81632805,EC number not predicted,N/A,2YX6_C,0.8436,2QTD_A,99.86
WP_010940223.1,Enzyme,0.99947774,EC number not predicted,N/A,5IDJ_A,0.8087,6DK7_B,99.74
WP_010940224.1,Enzyme,0.86982846,EC:5.3.2,0.5145922,3MA5_A,0.6267,1NA3_B,86.58
WP_010940233.1,Non-enzyme,0.833011507987976,EC:1.1.2,0.67287755,2VAJ_A,0.5433,6KGX_e3,69.66
WP_164928139.1,Enzyme,0.9987868,EC:2.7.7,0.66981405,3HTU_H,0.5577,6QIO_D,45.11
WP_014524594.1,Enzyme,0.9992063,EC number not predicted,N/A,6IWR_E,0.7341,5HEA_B,99.89
WP_014524596.1,Enzyme,0.9998677,EC:1.14.11,0.5015055,3HTX_A,0.552,6DUB_A,98.81
WP_010940259.1,Enzyme,0.9952601,EC:2.7.1,0.69985414,4HWG_A,0.7766,6D9T_A,99.87
WP_014524598.1,Enzyme,0.9076899,EC number not predicted,N/A,5OGL_A,0.6778,5EZM_A,99.62
WP_010940279.1,Non-enzyme,0.844971060752869,EC:3.6.1,0.98532945,2Y1B_A,0.656,1VR4_D,99.65
WP_010940302.1,Non-enzyme,0.798750966787338,EC:1.1.3,0.98494166,6U4B_A,0.6568,3TZT_A,99.17
WP_010940303.1,Enzyme,0.99892867,EC number not predicted,N/A,5MV2_A,0.3927,2MN5_A,12.11
WP_010940332.1,Enzyme,0.77427894,EC number not predicted,N/A,4ATN_A,0.8039,4B17_A,99.61
WP_010940344.1,Enzyme,0.999743,EC number not predicted,N/A,2HW4_A,0.8026,4SGB_I,24.32
WP_011791514.1,Non-enzyme,0.801200807094574,EC number not predicted,N/A,6RWT_A,0.5936,1CF7_B,21.25
WP_010940349.1,Enzyme,0.9999459,EC:3.2.1,0.9999452,3PGU_A,0.8621,3PGU_A,100
WP_010940351.1,Enzyme,0.9992932,EC:3.1.1,0.9815313,3P8A_B,0.7962,3P8A_A,99.41
WP_010940357.1,Non-enzyme,0.999653220176697,EC number not predicted,N/A,6MZM_W,0.4353,1FI8_D,64.44
WP_011791504.1,Non-enzyme,0.99502694606781,EC number not predicted,N/A,3JC9_Oa,0.5114,4Q4G_X,35.5
WP_164561964.1,Enzyme,0.6672273,EC:2.3.1,0.99867,1YLE_A,0.5866,5F47_A,98.48
WP_010940415.1,Enzyme,0.9952053,EC number not predicted,N/A,2VAT_L,0.5721,1U2E_A,99.65
WP_010940423.1,Enzyme,0.99999046,EC number not predicted,N/A,3LJX_A,0.6909,3MEM_A,99.62
WP_014524624.1,Enzyme,0.949263,EC:2.4.2,0.96605307,3FHN_C,0.3295,3USW_A,9.45
WP_010940431.1,Non-enzyme,0.995806157588959,EC:2.7.7,0.93396735,4V3P_Ls,0.7023,1G16_B,45.27
WP_014524625.1,Non-enzyme,0.999699681997299,EC:4.1.2,0.80157804,1V6Z_B,0.5204,4E8B_A,28.84
WP_010940662.1,Non-enzyme,0.999996956720224,EC number not predicted,N/A,1GRJ_A,0.4985,5WUR_B,30.37
WP_011791439.1,Non-enzyme,0.991102993488312,EC:2.7.7,0.99032277,5WSG_t,0.6937,2ZUS_A,47.6
WP_010940477.1,Enzyme,0.999267,EC number not predicted,N/A,3O0F_A,0.5433,3O0F_A,99.82
WP_010940480.1,Enzyme,0.9995658,EC:5.3.1,0.99999845,2PGI_A,0.9314,1C7Q_A,100
WP_010940483.1,Non-enzyme,0.999553322792053,EC number not predicted,N/A,1P4X_A,0.5468,3MZY_A,87.61
WP_010940484.1,Non-enzyme,0.999999578987371,EC:2.7.7,0.9963802,3QKR_B,0.4052,3TEQ_B,26.21
WP_010940508.1,Enzyme,0.9999402,EC number not predicted,N/A,4GGJ_A,0.5606,3HSI_A,31.69
WP_010940510.1,Non-enzyme,0.998797684907913,EC:2.3.2,0.7587744,2QKU_C,0.4591,6R99_A,15.98
WP_014524635.1,Non-enzyme,0.769907265901566,EC number not predicted,N/A,2VT1_B,0.8531,2VT1_B,99.71
WP_010940525.1,Enzyme,0.63437706,EC:3.2.2,0.54614675,3IBS_A,0.389,6IVU_B,12.26
WP_010940526.1,Enzyme,0.9992207,EC number not predicted,N/A,6LRH_B,0.7927,3C2Q_B,100
WP_010940531.1,Non-enzyme,0.959344774484634,EC number not predicted,N/A,2DO9_A,0.4811,3DD7_A,53.57
WP_010940532.1,Enzyme,0.99954885,EC number not predicted,N/A,4F7G_B,0.4146,4L0N_E,5.59
WP_010940538.1,Non-enzyme,0.97466853260994,EC:4.1.1,0.5538109,3OGH_B,0.5818,6C62_C,30.55
WP_010940540.1,Non-enzyme,0.946384221315384,EC number not predicted,N/A,2O2K_A,0.5914,3T38_B,88.73
WP_011791395.1,Enzyme,0.57583714,EC number not predicted,N/A,2VDC_F,0.9007,1EA0_A,100
WP_010940553.1,Enzyme,0.55727553,EC number not predicted,N/A,4UOS_A,0.5812,1KQF_C,26.14
WP_010940557.1,Non-enzyme,0.998572081327438,EC:1.9.3,0.82488763,4OX0_A,0.4403,1KB9_I,44.4
WP_010940558.1,Non-enzyme,0.989276736974716,EC number not predicted,N/A,4R2K_A,0.6467,5AHW_E,99.45
WP_014524641.1,Non-enzyme,0.999577105045319,EC number not predicted,N/A,2RPA_A,0.6367,3K1S_E,65.67
WP_014524645.1,Non-enzyme,0.911370635032654,EC number not predicted,N/A,6G81_A,0.5241,4V4N_Ag,98.05
WP_010940584.1,Non-enzyme,0.999759525060654,EC:3.1.26,0.9999992,3B7Y_B,0.5138,6WUC_W,17.54
WP_010940586.1,Non-enzyme,0.999731004238129,EC:2.7.1,0.856805,5A8J_A,0.5721,6ITH_A,76.59
WP_010940589.1,Non-enzyme,0.999886160709138,EC:3.1.26,0.99981546,3J09_B,0.5718,5ZNE_A,98.63
WP_010940601.1,Enzyme,0.8372134,EC:3.2.1,0.52689517,3U06_A,0.4141,5Z1L_L,71
WP_010940657.1,Non-enzyme,0.999827891588211,EC:3.6.1,0.9924275,4Y66_C,0.8672,3ONJ_A,94.24
WP_010940671.1,Non-enzyme,0.99946203827858,EC number not predicted,N/A,5FF8_A,0.4753,1L9G_A,95.24
WP_010940614.1,Enzyme,0.89298415,EC:4.4.1,0.9998324,5GPY_A,0.4733,3BPQ_A,97.28
WP_010940642.1,Enzyme,0.85492694,EC number not predicted,N/A,4NSO_A,0.6311,4NOO_C,100
WP_014524179.1,Enzyme,0.6015331,EC number not predicted,N/A,6XT4_A,0.3982,2DAM_A,56.23
WP_011176581.1,Non-enzyme,0.828735202550888,EC number not predicted,N/A,6ZJM_D,0.3345,3EET_A,94.89
WP_014524652.1,Non-enzyme,0.99999421750681,EC:2.7.7,0.9959575,6X89_A6,0.5883,3IP4_C,44.11
WP_011176606.1,Non-enzyme,0.998716652393341,EC number not predicted,N/A,5Y6F_A,0.7808,4I86_B,99.3
WP_011176612.1,Non-enzyme,0.932450830936432,EC number not predicted,N/A,5KPD_A,0.4153,2YMV_A,100
WP_014524657.1,Non-enzyme,0.999570280313492,EC:3.2.1,0.55230194,5EJ1_A,0.7032,4RT1_B,99.06
WP_011176625.1,Enzyme,0.99960834,EC number not predicted,N/A,3LN7_A,0.5627,3VPC_A,99.55
WP_014524664.1,Enzyme,0.9868017,EC number not predicted,N/A,6P2N_A,0.5414,5FKT_B,100
WP_011176646.1,Non-enzyme,0.773405969142914,EC number not predicted,N/A,6EZN_F,0.5863,5F15_A,99.35
WP_150103632.1,Enzyme,0.9999367,EC number not predicted,N/A,4YR7_B,0.6601,4WZZ_A,99.81
WP_011176670.1,Non-enzyme,0.999308586120606,EC:5.2.1,0.8142993,1YG2_A,0.5692,6XY1_C,80.62
WP_014524678.1,Non-enzyme,0.932159274816513,EC:2.7.7,0.8995429,6R17_B,0.6266,2P9X_A,22.96
WP_014524680.1,Enzyme,0.8821622,EC number not predicted,N/A,6IWW_A,0.429,5E26_B,23.67
WP_011176733.1,Non-enzyme,0.99998151762702,EC number not predicted,N/A,6WA9_N,0.6322,1YBX_A,68.57
WP_014524683.1,Non-enzyme,0.999891631014179,EC number not predicted,N/A,1XOU_A,0.8285,1XOU_A,99.81
WP_011176692.1,Non-enzyme,0.974832057952881,EC:3.1.11,0.8578875,2UWJ_E,0.9088,2Q1K_C,99.77
WP_014524686.1,Enzyme,0.989228,EC number not predicted,N/A,6VUD_A,0.3693,6PEP_AP,40.27
WP_011176730.1,Enzyme,0.9979831,EC:3.1.3,0.59604293,6UIE_A,0.5923,3WMJ_B,10.75
WP_014524689.1,Non-enzyme,0.999730557203293,EC number not predicted,N/A,4W8J_A,0.3825,5YRX_A,23.32
WP_150103631.1,Non-enzyme,0.998915046453476,EC number not predicted,N/A,5T7L_B,0.4811,5J8A_AR,15.28
WP_011176726.1,Enzyme,0.67782795,EC number not predicted,N/A,4WBD_A,0.5365,3ZUQ_A,93.72
WP_164928147.1,Non-enzyme,0.999869227409363,EC:2.7.7,0.95189834,5G3Q_A,0.3542,4J6S_G,13.18
